Package,Built
abind,3.5.0
acs,3.5.1
AlgDesign,3.5.0
assertthat,3.5.1
audio,3.5.0
backports,3.5.2
base64enc,3.5.0
beepr,3.5.1
BH,3.5.2
bindr,3.5.1
bindrcpp,3.5.1
BiocInstaller,3.5.0
bit,3.5.0
bit64,3.5.0
bitops,3.5.0
blob,3.5.1
brew,3.5.0
broom,3.5.2
callr,3.5.2
car,3.5.1
carData,3.5.1
caTools,3.5.1
cellranger,3.5.1
classInt,3.5.2
cli,3.5.1
clipr,3.5.2
clisymbols,3.5.1
colorspace,3.5.1
crayon,3.5.1
crosstalk,3.5.1
curl,3.5.2
data.table,3.5.1
data.tree,3.5.1
DBI,3.5.1
dbplyr,3.5.2
DEoptimR,3.5.0
desc,3.5.1
devtools,3.5.1
DiagrammeR,3.5.1
digest,3.5.1
doParallel,3.5.1
downloader,3.5.1
dplyr,3.5.1
DT,3.5.1
e1071,3.5.1
evaluate,3.5.1
fansi,3.5.1
filelock,3.5.1
forcats,3.5.1
foreach,3.5.1
fs,3.5.2
gdtools,3.5.1
generics,3.5.2
getPass,3.5.1
ggplot2,3.5.1
ggrepel,3.5.1
ggthemes,3.5.1
gh,3.5.1
git2r,3.5.2
glue,3.5.1
Gmedian,3.5.1
GPArotation,3.5.0
gridExtra,3.5.1
gtable,3.5.1
haven,3.5.1
here,3.5.2
hexbin,3.5.1
highr,3.5.1
hms,3.5.1
htmltools,3.5.1
htmlwidgets,3.5.1
httpuv,3.5.2
httr,3.5.2
igraph,3.5.1
import,3.5.1
influenceR,3.5.1
ini,3.5.1
iterators,3.5.1
jsonlite,3.5.2
keyring,3.5.1
knitr,3.5.2
labeling,3.5.0
later,3.5.1
lazyeval,3.5.1
leaflet,3.5.1
lme4,3.5.1
lubridate,3.5.1
magrittr,3.5.1
maptools,3.5.1
mapview,3.5.2
markdown,3.5.2
MatrixModels,3.5.1
matrixStats,3.5.1
memoise,3.5.1
mime,3.5.1
miniUI,3.5.1
minqa,3.5.1
mnormt,3.5.0
modelr,3.5.1
munsell,3.5.1
mvtnorm,3.5.0
ncdf4,3.5.0
ncmeta,3.5.1
NeuralNetTools,3.5.1
nloptr,3.5.1
NLP,3.5.1
odbc,3.5.1
openssl,3.5.1
openxlsx,3.5.1
pacman,3.5.1
pander,3.5.1
pbkrtest,3.5.1
pillar,3.5.2
pkgbuild,3.5.1
pkgconfig,3.5.1
pkgload,3.5.1
plogr,3.5.1
plotly,3.5.1
plyr,3.5.1
png,3.5.0
polycor,3.5.1
prettyunits,3.5.1
processx,3.5.2
progress,3.5.2
promises,3.5.1
pryr,3.5.1
ps,3.5.2
psych,3.5.1
purrr,3.5.1
quantreg,3.5.2
R6,3.5.1
radiant,3.5.1
radiant.basics,3.5.1
radiant.data,3.5.1
radiant.design,3.5.1
radiant.model,3.5.1
radiant.multivariate,3.5.1
rappdirs,3.5.1
rapportools,3.5.1
raster,3.5.1
rcmdcheck,3.5.1
RColorBrewer,3.5.0
Rcpp,3.5.1
RcppArmadillo,3.5.1
RcppEigen,3.5.1
RCurl,3.5.1
readr,3.5.2
readxl,3.5.2
rebus,3.5.1
rebus.base,3.5.1
rebus.datetimes,3.5.1
rebus.numbers,3.5.1
rebus.unicode,3.5.1
rematch,3.5.1
remotes,3.5.1
reprex,3.5.1
reshape,3.5.1
reshape2,3.5.1
rgdal,3.5.1
rgexf,3.5.1
rio,3.5.1
rJava,3.5.0
rlang,3.5.2
rmarkdown,3.5.2
RNetCDF,3.5.0
robustbase,3.5.1
RODBC,3.5.0
Rook,3.5.0
ROracle,3.5.1
rprojroot,3.5.1
RSpectra,3.5.1
RSQLite,3.5.1
rstudioapi,3.5.2
rvest,3.5.1
sandwich,3.5.1
satellite,3.5.1
scales,3.5.1
selectr,3.5.1
sessioninfo,3.5.1
sf,3.5.2
shiny,3.5.1
shinyAce,3.5.2
shinyFiles,3.5.1
slam,3.5.2
sodium,3.5.1
sourcetools,3.5.1
sp,3.5.1
SparseM,3.5.0
spData,3.5.2
stars,3.5.1
stringdist,3.5.1
stringi,3.5.1
stringr,3.5.1
summarytools,3.5.1
svglite,3.5.1
tibble,3.5.2
tictoc,3.5.0
tidyr,3.5.1
tidyselect,3.5.1
tidyverse,3.5.2
tigris,3.5.1
tinytex,3.5.2
tm,3.5.2
translations,3.5.1
units,3.5.2
usethis,3.5.2
utf8,3.5.1
uuid,3.5.0
viridis,3.5.1
viridisLite,3.5.1
visNetwork,3.5.2
webshot,3.5.1
whisker,3.5.1
withr,3.5.1
writexl,3.5.2
xfun,3.5.1
xlsx,3.5.0
xlsxjars,3.5.0
XML,3.5.1
xml2,3.5.1
xopen,3.5.1
xtable,3.5.1
yaml,3.5.1
zip,3.5.1
zoo,3.5.1
